code,system
11/1/62,readv2
62I..11,readv2
62Y..00,readv2
679E.00,readv2
8E96.00,readv2
Z212.00,readv2
11/1/63,readv2
Z225.00,readv2
12/1/62,readv2
95...00,readv2
951..00,readv2
Z212.12,readv2
13H7.00,readv2
62G3.00,readv2
62G4.00,readv2
Z22A900,readv2
Z22AA00,readv2
ZV4J000,readv2
ZV61900,readv2
13H8.00,readv2
13S..00,readv2
62...13,readv2
6222,readv2
6223,readv2
7F...12,readv2
L010.11,readv2
L162.11,readv2
L164.00,readv2
L166.11,readv2
L166500,readv2
L16E.00,readv2
L18A000,readv2
L265.00,readv2
L266.00,readv2
L416600,readv2
M240500,readv2
Y60 AN,readv2
Z212.11,readv2
Z22..00,readv2
Z227.00,readv2
Z22A300,readv2
Z22A700,readv2
Z22AB11,readv2
Z22B500,readv2
Z22C.00,readv2
Z22C314,readv2
ZV22.00,readv2
ZV61800,readv2
13Hd.00,readv2
Z22A600,readv2
13SZ.00,readv2
584..00,readv2
621Z.00,readv2
62CZ.00,readv2
62FZ.00,readv2
62GZ.00,readv2
62KZ.00,readv2
62NZ.00,readv2
62OZ.00,readv2
632Z.00,readv2
633Z.00,readv2
635Z.00,readv2
636Z.00,readv2
639Z.00,readv2
63AZ.00,readv2
63BZ.00,readv2
64BZ.00,readv2
7F03z00,readv2
7F04z00,readv2
7F05z00,readv2
7F10z00,readv2
7F11z00,readv2
7F12z00,readv2
7F13z00,readv2
7F14z00,readv2
7F15z00,readv2
7F17z00,readv2
7F19z00,readv2
7F1Az00,readv2
7F1z.00,readv2
7F22z00,readv2
7F23z00,readv2
7F24z00,readv2
7F25z00,readv2
7F2z.00,readv2
L040z00,readv2
L041x00,readv2
L041z00,readv2
L042x00,readv2
L042z00,readv2
L04z.00,readv2
L050x00,readv2
L050z00,readv2
L051z00,readv2
L052x00,readv2
L052z00,readv2
L05z.00,readv2
L060z00,readv2
L061z00,readv2
L06z.00,readv2
L070x00,readv2
L070z00,readv2
L071z00,readv2
L072z00,readv2
L07z.00,readv2
L08z.00,readv2
L090y00,readv2
L091z00,readv2
L09yz00,readv2
L09z.00,readv2
L0z..00,readv2
L100z00,readv2
L10yz00,readv2
L10z.00,readv2
L10z000,readv2
L10z200,readv2
L10zz00,readv2
L11yz00,readv2
L11z.00,readv2
L11z000,readv2
L11z100,readv2
L11z200,readv2
L11zz00,readv2
L123z00,readv2
L124z00,readv2
L125z00,readv2
L126z00,readv2
L127z00,readv2
L13yz00,readv2
L13zz00,readv2
L140z00,readv2
L141z00,readv2
L142z00,readv2
L14z.00,readv2
L150z00,readv2
L15z.00,readv2
L161z00,readv2
L162.12,readv2
L166z00,readv2
L167z00,readv2
L168z00,readv2
L16Az00,readv2
L16yz00,readv2
L16z.00,readv2
L18z100,readv2
L18z300,readv2
L20z.00,readv2
L210z00,readv2
L211z00,readv2
L212z00,readv2
L21z100,readv2
L220z00,readv2
L221.00,readv2
L221000,readv2
L221100,readv2
L221z00,readv2
L222z00,readv2
L224z00,readv2
L225z00,readv2
L236z00,readv2
L23z100,readv2
L245z00,readv2
L250z00,readv2
L251z00,readv2
L25yz00,readv2
L25z.00,readv2
L25z000,readv2
L25z100,readv2
L25zz00,readv2
L264z00,readv2
L265z00,readv2
L266z00,readv2
L270z00,readv2
L27z.00,readv2
L280z00,readv2
L281z00,readv2
L282z00,readv2
L284z00,readv2
L291z00,readv2
L303z00,readv2
L305z00,readv2
L307z00,readv2
L309z00,readv2
L30z.00,readv2
L30z000,readv2
L30z100,readv2
L30zz00,readv2
L30zz11,readv2
L313z00,readv2
L314.15,readv2
L320z00,readv2
L322z00,readv2
L32z.00,readv2
L330z00,readv2
L331z00,readv2
L333z00,readv2
L336z00,readv2
L33yz00,readv2
L33z.00,readv2
L33z000,readv2
L33z100,readv2
L33zz00,readv2
L340z00,readv2
L341z00,readv2
L342z00,readv2
L343z00,readv2
L344z00,readv2
L350z00,readv2
L351z00,readv2
L352z00,readv2
L353z00,readv2
L35z.00,readv2
L35z000,readv2
L35z100,readv2
L35zz00,readv2
L360z00,readv2
L361z00,readv2
L362z00,readv2
L36z.00,readv2
L371z00,readv2
L394z00,readv2
L396z00,readv2
L397z00,readv2
L398z00,readv2
L39yz00,readv2
L39z.00,readv2
L39z100,readv2
L39zz00,readv2
L3z..00,readv2
L413z00,readv2
Q21z.00,readv2
Q21z.11,readv2
Q21z.12,readv2
Q2z..00,readv2
Z22A800,readv2
Z22B400,readv2
Z22B800,readv2
ZV3zz00,readv2
14Y0.00,readv2
14Y2.00,readv2
14Y4.00,readv2
14Y5.00,readv2
14Y6.00,readv2
6316,readv2
6333,readv2
6336,readv2
TE40000,readv2
ZV27200,readv2
ZV27500,readv2
ZV30000,readv2
ZV33000,readv2
ZV3z000,readv2
14Y1.00,readv2
7F14100,readv2
7F16.00,readv2
7F16000,readv2
7F16100,readv2
7F16200,readv2
7F16300,readv2
7F16400,readv2
7F16500,readv2
7F16600,readv2
7F16700,readv2
7F16900,readv2
7F16y00,readv2
7F16z00,readv2
L213100,readv2
L308.00,readv2
L308100,readv2
L308z00,readv2
L31..00,readv2
L31z.00,readv2
L395.00,readv2
L395.11,readv2
L395.12,readv2
L395.13,readv2
L395000,readv2
L395100,readv2
L395200,readv2
L395300,readv2
L395400,readv2
L395500,readv2
L395z00,readv2
Lyu5100,readv2
Z254100,readv2
Z254200,readv2
Z254300,readv2
14Y3.00,readv2
62O6.00,readv2
62O6.11,readv2
7F18.00,readv2
7F19000,readv2
7F22700,readv2
7F22711,readv2
L20..11,readv2
L247111,readv2
L247300,readv2
L340600,readv2
L354.00,readv2
L354.11,readv2
L354.12,readv2
L354000,readv2
L354100,readv2
L411512,readv2
Z254900,readv2
Z257.12,readv2
Z257.13,readv2
1514.11,readv2
1514.12,readv2
62B2.00,readv2
62B3.00,readv2
62B7.00,readv2
62B8.00,readv2
62C2.00,readv2
62V0.00,readv2
633..00,readv2
6331,readv2
634..11,readv2
7F1..00,readv2
7F12.00,readv2
7F12100,readv2
7F12y00,readv2
7F13.00,readv2
7F13100,readv2
7F13y00,readv2
7F14.00,readv2
7F14y00,readv2
7F15.00,readv2
7F15000,readv2
7F15100,readv2
7F15y00,readv2
7F17.00,readv2
7F17.11,readv2
7F17100,readv2
7F17200,readv2
7F17300,readv2
7F17y00,readv2
7F19.00,readv2
7F19100,readv2
7F19y00,readv2
7F1A.00,readv2
7F1A200,readv2
7F1Ay00,readv2
7F1B.00,readv2
7F1B000,readv2
7F1B100,readv2
7F1B400,readv2
7F1y.00,readv2
8HE7.00,readv2
L12A.00,readv2
L142.00,readv2
L142.11,readv2
L142000,readv2
L142100,readv2
L166600,readv2
L167.00,readv2
L167000,readv2
L167100,readv2
L167200,readv2
L20..00,readv2
L213.00,readv2
L213000,readv2
L213200,readv2
L222.11,readv2
L222.12,readv2
L222.13,readv2
L240400,readv2
L263400,readv2
L3...00,readv2
L323.00,readv2
L323000,readv2
L323100,readv2
L340.00,readv2
L340000,readv2
L340100,readv2
L340300,readv2
L340400,readv2
L341.00,readv2
L341000,readv2
L341100,readv2
L342.00,readv2
L342000,readv2
L342100,readv2
L343.00,readv2
L343000,readv2
L343100,readv2
L344.00,readv2
L344000,readv2
L344100,readv2
L38..00,readv2
L387.00,readv2
L38A.00,readv2
L39..00,readv2
L393.00,readv2
L393000,readv2
L396.00,readv2
L396.11,readv2
L396000,readv2
L396100,readv2
L398.00,readv2
L398000,readv2
L398100,readv2
L398300,readv2
L398400,readv2
L39y.00,readv2
L3y..00,readv2
Ly1..00,readv2
Lyu4900,readv2
Lyu5.00,readv2
Lyu5000,readv2
Lyu5200,readv2
Lyu5400,readv2
Lyu5500,readv2
Z212200,readv2
Z25..00,readv2
Z253.12,readv2
Z253100,readv2
Z253211,readv2
Z253300,readv2
Z254.00,readv2
Z254400,readv2
Z254700,readv2
Z254800,readv2
Z254A00,readv2
Z254B00,readv2
Z254C00,readv2
Z254E11,readv2
Z255711,readv2
Z257.00,readv2
Z257.11,readv2
Z257.14,readv2
Z257.15,readv2
Z265900,readv2
ZV24000,readv2
ZV27.00,readv2
ZV27000,readv2
ZV27y00,readv2
ZV27z00,readv2
2684,readv2
6221,readv2
622Z.00,readv2
7F0..00,readv2
7F0..12,readv2
7F06.00,readv2
7F06000,readv2
7F06100,readv2
7F06200,readv2
7F06y00,readv2
7F06z00,readv2
7F0y.00,readv2
7F0z.00,readv2
L13..11,readv2
L130.00,readv2
L130z00,readv2
L131.00,readv2
L131200,readv2
L131z00,readv2
L243.00,readv2
L243000,readv2
L243z00,readv2
Z221.00,readv2
Z222.00,readv2
Z23..00,readv2
Z231.00,readv2
Z234.00,readv2
Z234100,readv2
Z234200,readv2
Z234300,readv2
Z236100,readv2
Z237.00,readv2
Z237200,readv2
Z23E.00,readv2
271..11,readv2
2711,readv2
2712,readv2
2713,readv2
2714,readv2
2715,readv2
2716,readv2
2717,readv2
2718,readv2
2719,readv2
271A.00,readv2
635..11,readv2
6354,readv2
L15..00,readv2
L15..11,readv2
L150.00,readv2
L398200,readv2
2722,readv2
L22..11,readv2
L222.00,readv2
L222000,readv2
L222100,readv2
L223.00,readv2
L224.00,readv2
L224z11,readv2
L225.00,readv2
L225000,readv2
L225100,readv2
L226.00,readv2
L226100,readv2
L300300,readv2
Q017.11,readv2
Z22AD00,readv2
Z239100,readv2
275..00,readv2
2752,readv2
2753,readv2
275Z.00,readv2
62O..11,readv2
62O1.00,readv2
62O2.00,readv2
62O3.00,readv2
62O4.00,readv2
7F03000,readv2
7F03100,readv2
7F04300,readv2
7F25.11,readv2
7F25000,readv2
7F25100,readv2
L161.12,readv2
L170100,readv2
L171300,readv2
L175100,readv2
L175300,readv2
L22y.00,readv2
L22z.00,readv2
L22z100,readv2
L237.00,readv2
L237100,readv2
L25..00,readv2
L250.11,readv2
L250.12,readv2
L250.13,readv2
L250400,readv2
L251400,readv2
L254.00,readv2
L254.11,readv2
L254.12,readv2
L255300,readv2
L25z400,readv2
L260.00,readv2
L263.00,readv2
L263.11,readv2
L263000,readv2
L263100,readv2
L263300,readv2
L263500,readv2
L263700,readv2
L263A11,readv2
L263z00,readv2
L264.11,readv2
L265300,readv2
L265311,readv2
L268000,readv2
L300.00,readv2
L300100,readv2
L390.00,readv2
L39y500,readv2
L5...00,readv2
L510.00,readv2
L512.00,readv2
L514.00,readv2
Q000.11,readv2
Q007111,readv2
Q016.11,readv2
Q10..00,readv2
Q10..11,readv2
Q10z.00,readv2
Q21..12,readv2
Q210.00,readv2
Q212.00,readv2
Q212.11,readv2
Q212z00,readv2
Q213.00,readv2
Q213.11,readv2
Q213z00,readv2
Q214.00,readv2
Q214.11,readv2
Q214100,readv2
Q214z00,readv2
Q408.00,readv2
Q408200,readv2
Q408z00,readv2
Q40y000,readv2
Q436.00,readv2
Z271E00,readv2
ZV31.00,readv2
ZV31000,readv2
ZV31z00,readv2
4453,readv2
4654,readv2
584..11,readv2
584..12,readv2
5841,readv2
5842,readv2
5843,readv2
5844.11,readv2
5845,readv2
5846,readv2
5847,readv2
5848,readv2
5849,readv2
584Z.00,readv2
7F18000,readv2
7F18y00,readv2
7F18z00,readv2
L296.00,readv2
L398600,readv2
584..13,readv2
584C.00,readv2
62G..00,readv2
62GB.00,readv2
62GC.00,readv2
62GD.00,readv2
62GE.00,readv2
5844,readv2
L383.00,readv2
L386.00,readv2
584B.00,readv2
Z22D.00,readv2
Z22D311,readv2
584D.00,readv2
621..11,readv2
6211,readv2
Z238112,readv2
ZV22200,readv2
584G.00,readv2
6252,readv2
6281,readv2
62A1.00,readv2
62E..11,readv2
62U..11,readv2
6353,readv2
6363,readv2
6364,readv2
6365,readv2
6366,readv2
6367,readv2
6368,readv2
6369,readv2
636A.00,readv2
636C.00,readv2
636D.00,readv2
636E.00,readv2
636F.00,readv2
L00..12,readv2
L010.00,readv2
L011.00,readv2
L011.11,readv2
L130.11,readv2
L332.00,readv2
L332.11,readv2
L336.11,readv2
Z22AE00,readv2
Z255B00,readv2
Z271411,readv2
Z271500,readv2
615C.00,readv2
615C.11,readv2
6166,readv2
6174,readv2
62...00,readv2
621..00,readv2
6212,readv2
62H6.00,readv2
62I..00,readv2
62L..00,readv2
62L2.00,readv2
62LZ.00,readv2
62U..00,readv2
62U8.00,readv2
62U9.00,readv2
62UA.00,readv2
62Uz.00,readv2
62W..00,readv2
7F00000,readv2
7F01100,readv2
7F01111,readv2
7F03200,readv2
7F04100,readv2
7F04111,readv2
7L13000,readv2
L262100,readv2
Q410.00,readv2
Q410000,readv2
Z245.00,readv2
Z245100,readv2
Z245400,readv2
Z263400,readv2
6213,readv2
L120200,readv2
Z265A00,readv2
Z265A11,readv2
6214,readv2
6236,readv2
ZV23200,readv2
6215,readv2
L030000,readv2
L16y500,readv2
6216,readv2
6217,readv2
6218,readv2
621A.00,readv2
621B.00,readv2
621C.00,readv2
Z22AB00,readv2
622..00,readv2
62F1.00,readv2
L120100,readv2
L120300,readv2
L121100,readv2
L121300,readv2
L122100,readv2
L122300,readv2
L12z100,readv2
L12z300,readv2
L242100,readv2
L384100,readv2
6224,readv2
6285,readv2
L21..00,readv2
L21y.00,readv2
L228.00,readv2
623..00,readv2
623Z.00,readv2
625..00,readv2
625Z.00,readv2
626..00,readv2
627..00,readv2
628..00,readv2
628Z.00,readv2
L2...00,readv2
L227.00,readv2
L2y..00,readv2
L2z..00,readv2
Z22A100,readv2
Z22A200,readv2
Z22A211,readv2
Z234400,readv2
ZV23.00,readv2
ZV23y00,readv2
ZV23z00,readv2
6231,readv2
Z22AC00,readv2
Z22D300,readv2
6232,readv2
L163300,readv2
6233,readv2
L294100,readv2
6234,readv2
633..11,readv2
ZV27.13,readv2
6235,readv2
Qz...00,readv2
6237,readv2
6282,readv2
L00..11,readv2
ZV23100,readv2
624..00,readv2
624Z.00,readv2
6241,readv2
L295.00,readv2
6242,readv2
ZV23000,readv2
6251,readv2
6253,readv2
6254,readv2
7F...11,readv2
6283,readv2
6284,readv2
62A..00,readv2
62AZ.00,readv2
62A2.00,readv2
62B4.00,readv2
62A3.00,readv2
66AX.00,readv2
62A4.00,readv2
62B..00,readv2
62B1.00,readv2
62B6.00,readv2
62BZ.00,readv2
62V..00,readv2
631..11,readv2
63D1.00,readv2
63D2.00,readv2
63D3.00,readv2
63D4.00,readv2
63D6.00,readv2
7F04.11,readv2
7F21000,readv2
7F22100,readv2
7F22111,readv2
7F22500,readv2
L11..00,readv2
L110.00,readv2
L110000,readv2
L110100,readv2
L110200,readv2
L110z00,readv2
L111.00,readv2
L111000,readv2
L111100,readv2
L111200,readv2
L111z00,readv2
L112.00,readv2
L112.11,readv2
L112000,readv2
L112100,readv2
L112200,readv2
L112z00,readv2
L116.00,readv2
L265.11,readv2
L267.00,readv2
L267300,readv2
L267600,readv2
L360.11,readv2
L37..00,readv2
L370.00,readv2
L370.11,readv2
L370000,readv2
L370z00,readv2
L370z11,readv2
L371.00,readv2
L37z.00,readv2
L444.00,readv2
Lyu3C00,readv2
Q02..00,readv2
Q021111,readv2
Q021500,readv2
Z212100,readv2
Z212300,readv2
Z256500,readv2
Z262100,readv2
Z262500,readv2
Z262700,readv2
Z262711,readv2
Z262J11,readv2
Z262M00,readv2
62B5.00,readv2
62C..00,readv2
62N1.00,readv2
62C1.00,readv2
L334.00,readv2
62F..00,readv2
62F2.00,readv2
62F3.00,readv2
62F4.00,readv2
62F6.00,readv2
62F7.00,readv2
7F05.00,readv2
7F05100,readv2
7F05111,readv2
7F05200,readv2
7F10000,readv2
7F10100,readv2
L284.00,readv2
L284.11,readv2
L284.12,readv2
L284100,readv2
L28y.13,readv2
L431.00,readv2
L431100,readv2
L431200,readv2
Lyu3B00,readv2
Z264.12,readv2
Z264600,readv2
62F5.00,readv2
62G5.00,readv2
62F8.00,readv2
62F9.00,readv2
L27..00,readv2
L27..11,readv2
L270.00,readv2
L270000,readv2
L270100,readv2
L280.00,readv2
L280000,readv2
L280100,readv2
L280300,readv2
Q013.11,readv2
62G1.00,readv2
62G2.00,readv2
62H1.00,readv2
62G6.00,readv2
62G7.00,readv2
Z22CF00,readv2
62G8.00,readv2
62G9.00,readv2
L188100,readv2
L188300,readv2
L251.00,readv2
L251000,readv2
L251100,readv2
Lyu4500,readv2
Q212000,readv2
Q213000,readv2
Q214000,readv2
62GA.00,readv2
62H..00,readv2
62HZ.00,readv2
L241000,readv2
L241100,readv2
L241300,readv2
62H3.00,readv2
62H4.00,readv2
62I..12,readv2
L12B.00,readv2
L16C.00,readv2
62K..00,readv2
62K2.00,readv2
Z239200,readv2
Z265800,readv2
62M..00,readv2
62M2.00,readv2
62N..00,readv2
62N2.00,readv2
62N3.00,readv2
62N4.00,readv2
62N5.00,readv2
62N6.00,readv2
62N7.00,readv2
62N8.00,readv2
62N9.00,readv2
62NA.00,readv2
62NB.00,readv2
62NC.00,readv2
62ND.00,readv2
62NE.00,readv2
62NF.00,readv2
62NG.00,readv2
62NH.00,readv2
62O..00,readv2
L04..11,readv2
L040900,readv2
L045.11,readv2
62O..12,readv2
6311,readv2
6312,readv2
6313,readv2
6314,readv2
6315,readv2
633..13,readv2
633..14,readv2
633a.00,readv2
636..00,readv2
636..11,readv2
6371,readv2
6372,readv2
6373,readv2
6374,readv2
6375,readv2
6376,readv2
6377,readv2
6378,readv2
638..00,readv2
6381,readv2
6384,readv2
6385,readv2
6386,readv2
638Z.00,readv2
63E2.00,readv2
64B..00,readv2
64B2.00,readv2
64B2.11,readv2
64B3.00,readv2
64B5.00,readv2
L161.00,readv2
L161.11,readv2
L161000,readv2
L161300,readv2
L16D.00,readv2
L2B..00,readv2
Q21..00,readv2
Q21z.13,readv2
Q2y..00,readv2
Z254D00,readv2
Z254E00,readv2
ZV27.11,readv2
ZV3..00,readv2
ZV3z.00,readv2
62O5.00,readv2
7F10z11,readv2
7F23500,readv2
L281.00,readv2
L281000,readv2
L281100,readv2
L281300,readv2
L281500,readv2
L282.00,readv2
L350.00,readv2
L350000,readv2
L351.00,readv2
L351000,readv2
L351100,readv2
Z246611,readv2
Z263E00,readv2
Z263F00,readv2
Z263G00,readv2
62O7.00,readv2
62O8.00,readv2
62U..12,readv2
62U0.00,readv2
62U4.00,readv2
62U6.00,readv2
L211.00,readv2
L211000,readv2
L211100,readv2
62U..13,readv2
62U1.00,readv2
62X..00,readv2
62X0.00,readv2
62X1.00,readv2
62X2.00,readv2
62X3.00,readv2
62X4.00,readv2
L123500,readv2
L140200,readv2
L161.13,readv2
L169200,readv2
L169300,readv2
L16C000,readv2
L16C100,readv2
L180811,readv2
L180900,readv2
L19..00,readv2
L21..11,readv2
Z22C300,readv2
Z22C312,readv2
Z261.00,readv2
Z261100,readv2
Z261200,readv2
62a..00,readv2
62a..11,readv2
62b..00,readv2
62c..00,readv2
ZV28.00,readv2
63...00,readv2
63E..00,readv2
632..00,readv2
63E1.00,readv2
63E3.00,readv2
7F1..11,readv2
7F11.00,readv2
7F11000,readv2
7F11100,readv2
7F11200,readv2
7F1A400,readv2
7F25.13,readv2
L126600,readv2
L14..00,readv2
L14..11,readv2
L140.00,readv2
L140100,readv2
L141.00,readv2
L141100,readv2
L291.11,readv2
L30..00,readv2
L32..00,readv2
Lyu4000,readv2
Q212100,readv2
Q212200,readv2
Q213100,readv2
Z23G.00,readv2
Z24..00,readv2
Z241100,readv2
Z244400,readv2
Z244500,readv2
Z246211,readv2
Z246311,readv2
Z248.00,readv2
Z255F00,readv2
6321,readv2
6322,readv2
6323,readv2
L320.00,readv2
L320100,readv2
L322.00,readv2
L322000,readv2
L322100,readv2
L360.00,readv2
L360000,readv2
Z22A400,readv2
Z246200,readv2
Z246700,readv2
Z246900,readv2
Z255.00,readv2
634..12,readv2
634..13,readv2
6341,readv2
6342,readv2
6343,readv2
6344,readv2
6345,readv2
6346,readv2
6348,readv2
635..00,readv2
635..12,readv2
6355,readv2
Z244411,readv2
635..13,readv2
6351,readv2
6352,readv2
6356,readv2
6357,readv2
6358,readv2
6359,readv2
635A.00,readv2
635B.00,readv2
6361,readv2
6362,readv2
636B.00,readv2
637..00,readv2
637Z.00,readv2
639..00,readv2
6391,readv2
6392,readv2
6393,readv2
6394,readv2
6395,readv2
6396,readv2
6397,readv2
6398,readv2
6399,readv2
639A.00,readv2
639B.00,readv2
63A..00,readv2
63A1.00,readv2
63A2.00,readv2
63A3.00,readv2
63A4.00,readv2
63A5.00,readv2
63A6.00,readv2
63A7.00,readv2
63A8.00,readv2
63A9.00,readv2
63AA.00,readv2
63AB.00,readv2
63B..00,readv2
63B1.00,readv2
63B2.00,readv2
63B3.00,readv2
63B4.00,readv2
63B6.00,readv2
63B7.00,readv2
63B8.00,readv2
63B9.00,readv2
63BA.00,readv2
63BB.00,readv2
64B4.00,readv2
8HHV.00,readv2
8HHf.00,readv2
8HV6.00,readv2
6776,readv2
67B..00,readv2
L000.00,readv2
Z675.00,readv2
7D10000,readv2
L290.00,readv2
L290.11,readv2
7F...00,readv2
7F0..11,readv2
7F...13,readv2
7F00.00,readv2
L05..13,readv2
7F01000,readv2
7F01z12,readv2
7F04.00,readv2
7F04200,readv2
7F05300,readv2
7F05000,readv2
7F1A300,readv2
7F06011,readv2
7F06012,readv2
7F06111,readv2
L245.11,readv2
7F06300,readv2
L352.00,readv2
L352.11,readv2
7F10.00,readv2
L051.12,readv2
L052.12,readv2
7F10z12,readv2
7F11y00,readv2
7F24y00,readv2
7F2y.00,readv2
7Fy..00,readv2
L040.00,readv2
L043.00,readv2
L043.11,readv2
L050.00,readv2
L060.00,readv2
L07..00,readv2
L070.00,readv2
L071.00,readv2
L072.00,readv2
L0y..00,readv2
L100000,readv2
L10y000,readv2
L11y000,readv2
L123000,readv2
L124.00,readv2
L124000,readv2
L124100,readv2
L124300,readv2
L124600,readv2
L125000,readv2
L126000,readv2
L127000,readv2
L130000,readv2
L132000,readv2
L13y000,readv2
L13z.00,readv2
L13z000,readv2
L13z100,readv2
L13z200,readv2
L140000,readv2
L141000,readv2
L150000,readv2
L162.00,readv2
L162000,readv2
L162100,readv2
L224000,readv2
L25y000,readv2
L264000,readv2
L265000,readv2
L266000,readv2
L291.00,readv2
L305000,readv2
L307.00,readv2
L309.00,readv2
L309000,readv2
L321.00,readv2
L321100,readv2
L353000,readv2
L362000,readv2
L397000,readv2
L413000,readv2
Lyu2500,readv2
ZV28y00,readv2
7F12000,readv2
7F13000,readv2
7F12111,readv2
7F13111,readv2
7F13200,readv2
7F13300,readv2
7F17.12,readv2
7F1A000,readv2
L398500,readv2
7F1B300,readv2
7F2..00,readv2
7F24.00,readv2
L10y.00,readv2
L11y.00,readv2
L13y.00,readv2
L253.00,readv2
L312.00,readv2
L35..00,readv2
L35y.00,readv2
Lyu0200,readv2
ZV23400,readv2
7F20.00,readv2
7F20y00,readv2
7F20z00,readv2
7F21.00,readv2
7F21y00,readv2
7F21z00,readv2
Infinity,readv2
L01..00,readv2
L01z.00,readv2
L097000,readv2
Lyu0100,readv2
Z22AD11,readv2
Z22C500,readv2
Z22C511,readv2
Z26..00,readv2
7F20000,readv2
7F22.00,readv2
7N61111,readv2
L100100,readv2
L100200,readv2
L10y200,readv2
L114100,readv2
L11y100,readv2
L11y200,readv2
L123100,readv2
L123300,readv2
L125100,readv2
L125300,readv2
L126100,readv2
L126300,readv2
L127100,readv2
L127300,readv2
L130100,readv2
L130200,readv2
L132100,readv2
L132200,readv2
L150100,readv2
L150200,readv2
L181300,readv2
L187300,readv2
L224100,readv2
L23y100,readv2
L255100,readv2
L25y100,readv2
L265100,readv2
L266100,readv2
L305100,readv2
L309100,readv2
L312100,readv2
L35y100,readv2
L397100,readv2
Z251.00,readv2
Z252.00,readv2
Z254500,readv2
7F22000,readv2
7F24200,readv2
Z229.00,readv2
7F22200,readv2
7F22300,readv2
7F22712,readv2
7F23.00,readv2
7F23.11,readv2
7F23.12,readv2
7F23000,readv2
7F23300,readv2
7F23y00,readv2
L361.00,readv2
7F23100,readv2
7M35000,readv2
7M35011,readv2
7F23200,readv2
8H7W.00,readv2
L041000,readv2
L044000,readv2
L050000,readv2
L052000,readv2
L090.00,readv2
L090200,readv2
L0A1.00,readv2
L230.00,readv2
L230100,readv2
L231.00,readv2
L231100,readv2
L231z00,readv2
L232.00,readv2
L233.00,readv2
L233z00,readv2
L234.00,readv2
L234100,readv2
L244100,readv2
L244300,readv2
L301.00,readv2
L301400,readv2
L301500,readv2
L302.00,readv2
L341.11,readv2
L356.00,readv2
L356.11,readv2
L356.12,readv2
L356000,readv2
L356z00,readv2
L357.00,readv2
L357000,readv2
L357100,readv2
7F23400,readv2
7F24000,readv2
L362.00,readv2
7F25.00,readv2
7F2B100,readv2
L314.12,readv2
7F25.12,readv2
7L16000,readv2
L413.11,readv2
L417000,readv2
L41z500,readv2
Lyu2200,readv2
7M33100,readv2
8B68.00,readv2
L166700,readv2
L182200,readv2
L182400,readv2
L281400,readv2
L38B.00,readv2
8B7..11,readv2
8B74.00,readv2
8B75.00,readv2
8HT9.00,readv2
9N1N.00,readv2
8M5..00,readv2
8M6..00,readv2
9Ea..00,readv2
L05..12,readv2
9Ea0.00,readv2
9Ea2.00,readv2
9Ea4.00,readv2
L356.13,readv2
L356.14,readv2
L0...00,readv2
L00..00,readv2
L001.00,readv2
ZV23111,readv2
L02..00,readv2
L06..11,readv2
L04..00,readv2
L040000,readv2
L040100,readv2
L040w00,readv2
L040y00,readv2
L043x00,readv2
L131000,readv2
L210200,readv2
L212200,readv2
L222200,readv2
L224200,readv2
L226200,readv2
L229200,readv2
L237200,readv2
L250200,readv2
L25z300,readv2
L26..00,readv2
L260200,readv2
L261200,readv2
L262200,readv2
L263200,readv2
L264200,readv2
L267500,readv2
L268.00,readv2
L270200,readv2
L28..00,readv2
L280200,readv2
L281200,readv2
L282000,readv2
L282300,readv2
L28y.00,readv2
L28y100,readv2
L28z.00,readv2
L28z200,readv2
L28zz00,readv2
L29..00,readv2
L29z.00,readv2
L29zz00,readv2
L305200,readv2
L307200,readv2
L311200,readv2
L312200,readv2
L323200,readv2
L33z200,readv2
L340200,readv2
L341200,readv2
L342200,readv2
L343200,readv2
L344200,readv2
L34y200,readv2
L34z000,readv2
L350200,readv2
L351300,readv2
L352200,readv2
L356200,readv2
L35y200,readv2
L360100,readv2
L360200,readv2
L362200,readv2
L371100,readv2
L371200,readv2
L393100,readv2
L393200,readv2
L394200,readv2
L39y400,readv2
L39z400,readv2
L51..00,readv2
L51X.00,readv2
Lyu0B00,readv2
Lyu3900,readv2
Lyu3A00,readv2
Q026.11,readv2
Z226.00,readv2
Z239500,readv2
Z23F.00,readv2
Z243800,readv2
Z249.00,readv2
Z258.00,readv2
Z262R00,readv2
Z265200,readv2
Z288.00,readv2
ZV23800,readv2
L040011,readv2
L040111,readv2
L041.00,readv2
L044.00,readv2
L051.00,readv2
L051.11,readv2
L051100,readv2
L061.00,readv2
L041100,readv2
L041w00,readv2
L041y00,readv2
L044.11,readv2
L245.00,readv2
L245000,readv2
L041z11,readv2
L371000,readv2
L042.00,readv2
L042w00,readv2
L042y00,readv2
L043y00,readv2
L043z00,readv2
L044x00,readv2
L044y00,readv2
L044z00,readv2
L044z11,readv2
L045x00,readv2
L045y00,readv2
L045y11,readv2
L045z00,readv2
L045z11,readv2
L050w00,readv2
L050y00,readv2
L051w00,readv2
L051y00,readv2
L052y00,readv2
L062w00,readv2
L071y00,readv2
L09..00,readv2
L09..11,readv2
L0A4.00,readv2
L1...00,readv2
L123400,readv2
L124400,readv2
L125200,readv2
L125400,readv2
L126200,readv2
L126400,readv2
L16..00,readv2
L16y.00,readv2
L16y000,readv2
L16y100,readv2
L16y300,readv2
L33..00,readv2
L33y.00,readv2
L382000,readv2
Lyu2100,readv2
L044200,readv2
L0A3.00,readv2
L246200,readv2
L044x11,readv2
L044y11,readv2
L0A2.00,readv2
L120400,readv2
L123200,readv2
L124200,readv2
L127200,readv2
L12z200,readv2
L165200,readv2
L16y200,readv2
L22y.11,readv2
L300700,readv2
L388.00,readv2
L389.00,readv2
L463300,readv2
L045.00,readv2
L10zz11,readv2
L05..00,readv2
L06..00,readv2
L06..12,readv2
L05..11,readv2
L052.00,readv2
L052100,readv2
L062.00,readv2
L410500,readv2
L052.11,readv2
L071500,readv2
L095.00,readv2
L391.00,readv2
L08..00,readv2
L0A..00,readv2
L090000,readv2
L090100,readv2
L090300,readv2
L090400,readv2
L091100,readv2
L092500,readv2
L093000,readv2
L096.11,readv2
L090z00,readv2
L096600,readv2
L293100,readv2
L091.00,readv2
L092000,readv2
L177.00,readv2
L355.11,readv2
L092300,readv2
L353.00,readv2
L353.11,readv2
L353.12,readv2
L093.00,readv2
L093400,readv2
L162.13,readv2
L096.00,readv2
L096400,readv2
L380.00,readv2
L097.00,readv2
L097.11,readv2
L097100,readv2
L097200,readv2
L097300,readv2
ZV25311,readv2
ZV25313,readv2
L10..00,readv2
L100.00,readv2
L10y.11,readv2
L11..12,readv2
L36..11,readv2
L11..11,readv2
L113.13,readv2
L112.12,readv2
L312.11,readv2
Z238212,readv2
Z23AO00,readv2
L113.00,readv2
L113000,readv2
L363.00,readv2
L363z00,readv2
L115.00,readv2
L115100,readv2
L115.11,readv2
L115.12,readv2
L241011,readv2
L241111,readv2
L241311,readv2
L123.00,readv2
L123600,readv2
L124.11,readv2
L124500,readv2
L126.00,readv2
L126500,readv2
L124.12,readv2
L125.00,readv2
L127.00,readv2
L129.00,readv2
Z23A900,readv2
L13..00,readv2
L132.00,readv2
L13..12,readv2
L140.11,readv2
L160.00,readv2
L165.00,readv2
L166.00,readv2
L166000,readv2
L166100,readv2
L166300,readv2
L166800,readv2
L166z11,readv2
L168.00,readv2
L168000,readv2
L168100,readv2
L16A.00,readv2
L16A000,readv2
L16A100,readv2
L16A300,readv2
L16B.00,readv2
L312.12,readv2
L314.13,readv2
Z239.00,readv2
Z239300,readv2
Z239311,readv2
Z23A100,readv2
Z23A700,readv2
Z23A800,readv2
Z23AA00,readv2
Z23AH00,readv2
Z23AK00,readv2
Z23AM00,readv2
Z23AN00,readv2
Z23AP00,readv2
L175.11,readv2
L253.11,readv2
L178.00,readv2
L355.12,readv2
L17y200,readv2
L180100,readv2
L180300,readv2
L180400,readv2
L180800,readv2
L182100,readv2
L182300,readv2
L182500,readv2
L183.11,readv2
L183100,readv2
L183300,readv2
L185.11,readv2
L240000,readv2
L185100,readv2
L185400,readv2
L186.11,readv2
L191.00,readv2
L192.00,readv2
L200.00,readv2
L210.00,readv2
L210000,readv2
L210100,readv2
L212.00,readv2
L22..00,readv2
L220.00,readv2
L220100,readv2
L229.00,readv2
L330.00,readv2
L330000,readv2
L330100,readv2
L23..00,readv2
L235.00,readv2
L235100,readv2
Z235300,readv2
L236.00,readv2
L236100,readv2
L240011,readv2
L240111,readv2
L240211,readv2
L240311,readv2
L244011,readv2
L244111,readv2
L244211,readv2
L244112,readv2
L244212,readv2
L244312,readv2
L246100,readv2
L246211,readv2
L246311,readv2
L248300,readv2
L34..00,readv2
L34..12,readv2
L340500,readv2
L345.00,readv2
L345.12,readv2
L345000,readv2
L345100,readv2
L345z00,readv2
L34y.00,readv2
L34y000,readv2
L34y100,readv2
L34yz00,readv2
L34z.00,readv2
L34z100,readv2
L34zz00,readv2
L411300,readv2
L411513,readv2
L250.00,readv2
L250000,readv2
L250100,readv2
L251.11,readv2
L251.12,readv2
L266300,readv2
L252.00,readv2
L252000,readv2
L252100,readv2
L255.00,readv2
L256.00,readv2
L257.00,readv2
L257.12,readv2
L2D..00,readv2
L261100,readv2
L263.12,readv2
L263A00,readv2
L263.13,readv2
L263900,readv2
L263.14,readv2
Z264800,readv2
Z264B00,readv2
Z264C00,readv2
L263600,readv2
L2A1.00,readv2
Z22A500,readv2
L263800,readv2
Z271100,readv2
Z271F00,readv2
L264.00,readv2
L267700,readv2
L28y300,readv2
L267800,readv2
Z262A00,readv2
L284.13,readv2
L292.00,readv2
L292100,readv2
L2A..00,readv2
L2A0.00,readv2
L2A3.00,readv2
L2A4.00,readv2
L2A5.00,readv2
L2AX.00,readv2
L2C..00,readv2
Q100.00,readv2
Q100.11,readv2
Q101.00,readv2
Q101.11,readv2
L303.00,readv2
L303000,readv2
L303100,readv2
L304.00,readv2
L304100,readv2
L305.00,readv2
L305.11,readv2
L306.00,readv2
L306100,readv2
L310.00,readv2
L311.00,readv2
L313.00,readv2
L313100,readv2
L314000,readv2
Z23AG00,readv2
Z23AI00,readv2
L331.00,readv2
L331000,readv2
L331100,readv2
Z235200,readv2
L333100,readv2
L335.00,readv2
L335.11,readv2
L336.00,readv2
L336000,readv2
L355.00,readv2
L355100,readv2
L36..00,readv2
L37..11,readv2
Z263.00,readv2
Z263C00,readv2
L384.00,readv2
L385.00,readv2
L392.00,readv2
L392z00,readv2
L394.00,readv2
L394100,readv2
L397.00,readv2
L3A..00,readv2
L3X..00,readv2
L411500,readv2
L412500,readv2
L412511,readv2
L415300,readv2
Z263E12,readv2
L413.00,readv2
L414.12,readv2
Ly0..00,readv2
Z257100,readv2
Lyu4800,readv2
Q015100,readv2
Q021000,readv2
Q021011,readv2
Q10z.11,readv2
Q21..11,readv2
Q215.00,readv2
Q216.00,readv2
Q215.11,readv2
Q216.11,readv2
Q408500,readv2
Q42X.00,readv2
Q423.00,readv2
Q470.00,readv2
Q479.00,readv2
Z229100,readv2
Z239800,readv2
Z22A.00,readv2
Z23A.00,readv2
Z22B.00,readv2
Z264100,readv2
Z264111,readv2
Z22B100,readv2
Z22B900,readv2
Z22BA00,readv2
Z22C100,readv2
Z22C200,readv2
Z22C311,readv2
Z22C313,readv2
Z23B600,readv2
Z246100,readv2
Z22D100,readv2
Z22D200,readv2
Z234500,readv2
Z234600,readv2
Z235.00,readv2
Z235100,readv2
Z235400,readv2
Z23D100,readv2
Z23D200,readv2
Z238100,readv2
Z238111,readv2
Z238211,readv2
Z23A200,readv2
Z23A300,readv2
Z23A400,readv2
Z246400,readv2
Z23B100,readv2
Z246600,readv2
Z23B211,readv2
Z23B900,readv2
Z241.00,readv2
Z242.00,readv2
Z243100,readv2
Z243200,readv2
Z243300,readv2
Z243600,readv2
Z255700,readv2
Z243400,readv2
Z243411,readv2
Z255400,readv2
Z246300,readv2
Z255D00,readv2
Z271900,readv2
Z271912,readv2
Z262C00,readv2
Z262E00,readv2
Z262E11,readv2
Z262D00,readv2
Z263900,readv2
Z263E11,readv2
Z264112,readv2
Z264400,readv2
Z264500,readv2
Z264900,readv2
Z264A00,readv2
Z265.00,readv2
Z265B00,readv2
Z265C00,readv2
Z271.00,readv2
Z271.11,readv2
Z271200,readv2
Z271400,readv2
Z271600,readv2
Z271C00,readv2
Z271D00,readv2
Z271G11,readv2
Z271H11,readv2
ZV22.11,readv2
ZV22000,readv2
ZV22100,readv2
ZV22400,readv2
ZV22300,readv2
ZV22y00,readv2
ZV22z00,readv2
ZV23600,readv2